[
  {"question": "ر و ت و ن ا", "response": "ناروتو"},
  {"question": "ف ي ل و", "response": "لوفي"},
  {"question": "ك ا س و ي م", "response": "ميكاسا"},
  {"question": "ت ي ب و ا و", "response": "اوبيتو"},
  {"question": "س ك ي ت و ا", "response": "اتسوكو"},
  {"question": "ر و و ز", "response": "زورو"},
  {"question": "ي ت ج ي ف ا", "response": "فيجيتا"},
  {"question": "ن ي و ل ج و ا", "response": "انجوليا"},
  {"question": "م ا ت ي و ت ا", "response": "تويوتا"},
  {"question": "ر ا ت ج ا ب ا", "response": "الجزائر"},
  {"question": "ر ص م", "response": "مصر"},
  {"question": "ب غ م ر ل ا", "response": "المغرب"},
  {"question": "ت ي و ك ل ا", "response": "الكويت"},
  {"question": "ن ا م ع", "response": "عمان"},
  {"question": "د ن ه ل ا", "response": "الهند"},
  {"question": "ي ا ن ي ا ب ا", "response": "اليابان"},
  {"question": "ك ي ر ا م ا", "response": "امريكا"},
  {"question": "ي س و ر ا", "response": "سوريا"},
  {"question": "ن ا ن ب ل", "response": "لبنان"},
  {"question": "د و ن ق ل ا", "response": "القدس"},
  {"question": "ن ي ط س ل ف", "response": "فلسطين"},
  {"question": "م ل س ا ا ل ا", "response": "الاسلام"},
  {"question": "ن ا ر ق ل ا", "response": "القرآن"},
  {"question": "ة ك م", "response": "مكة"},
  {"question": "ة ن ي د م ل ا", "response": "المدينة"},
  {"question": "د ح م ا", "response": "احمد"},
  {"question": "ة م ط ا ف", "response": "فاطمة"},
  {"question": "ب ي ن ل ا", "response": "النبي"},
  {"question": "ة ل ا ص ل ا", "response": "الصلاة"},
  {"question": "ة ك ز ل ا", "response": "الزكاة"},
  {"question": "م و ص ل ا", "response": "الصوم"},
  {"question": "م ل ق", "response": "قلم"},
  {"question": "ب ا ت ك", "response": "كتاب"},
  {"question": "ة س ر د م", "response": "مدرسة"},
  {"question": "ة ع ا ج ا", "response": "جامعة"},
  {"question": "ف ت ا ه", "response": "هاتف"},
  {"question": "س و و ا ح ب", "response": "حاسوب"},
  {"question": "ة ر ا ي س", "response": "سيارة"},
  {"question": "ة ر ا ط ي", "response": "طيارة"},
  {"question": "د س ا", "response": "اسد"},
  {"question": "ر م ن", "response": "نمر"},
  {"question": "ل ي ف", "response": "فيل"},
  {"question": "ة ف ا ر ز", "response": "زرافة"},
  {"question": "ب ل ك", "response": "كلب"},
  {"question": "ة ط ق", "response": "قطة"},
  {"question": "ر ح ب", "response": "بحر"},
  {"question": "ل ب ج", "response": "جبل"},
  {"question": "ة ر ج ش", "response": "شجرة"},
  {"question": "س م ش", "response": "شمس"},
  {"question": "ر م ق", "response": "قمر"},
  {"question": "ء ا م س", "response": "سماء"},
  {"question": "ض ر ا", "response": "ارض"},
  {"question": "ب ه ذ", "response": "ذهب"},
  {"question": "ة ض ف", "response": "فضة"},
  {"question": "د ي د ح", "response": "حديد"}
]
