[
  { "question": "في أي فيلم نجد العبارة الشهيرة: 'أنا أبوك'؟", "response": "حرب النجوم" },
  { "question": "من هو الممثل الذي لعب دور 'الرجل الحديدي' في عالم مارفل السينمائي؟", "response": "روبرت داوني جونيور" },
  { "question": "ما اسم المسلسل الذي يتحدث عن مملكة 'ويستروس' وصراعها على العرش؟", "response": "صراع العروش" },
  { "question": "من هو المخرج الذي أخرج فيلم 'تيتانيك'؟", "response": "جيمس كاميرون" },
  { "question": "من هو الممثل الذي قام بدور الجوكر في فيلم 'The Dark Knight'؟", "response": "هيث ليدجر" },
  { "question": "ما هو اسم السلسلة التي تدور أحداثها في مدرسة 'هوجوورتس' للسحر؟", "response": "هاري بوتر" },
  { "question": "في مسلسل 'Breaking Bad'، ما هو اللقب الذي اتخذه والتر وايت لنفسه؟", "response": "هايزنبرغ" },
  { "question": "ما اسم الفيلم الذي فاز بأول جائزة أوسكار لأفضل فيلم في التاريخ؟", "response": "Wings" },
  { "question": "من هو الممثل بطل سلسلة أفلام 'المهمة المستحيلة' (Mission Impossible)؟", "response": "توم كروز" },
  { "question": "ما اسم المسلسل الكوميدي الذي تدور أحداثه حول 6 أصدقاء يعيشون في نيويورك؟", "response": "Friends" },
  { "question": "من قام بإخراج فيلم 'Inception' و 'Interstellar'؟", "response": "كريستوفر نولان" },
  { "question": "ما هو اسم أول فيلم طويل من إنتاج شركة ديزني؟", "response": "سلو وايت والأقزام السبعة" },
  { "question": "في أي فيلم ظهرت شخصية 'جاك سبارو' لأول مرة؟", "response": "قراصنة الكاريبي" },
  { "question": "ما اسم المسلسل الذي يتحدث عن سرقة دار السك الملكية في إسبانيا؟", "response": "البروفيسور (La Casa de Papel)" },
  { "question": "من هي الممثلة التي لعبت دور 'كاتنيس إيفردين' في سلسلة 'The Hunger Games'؟", "response": "جينيفر لورانس" },
  { "question": "ما اسم الفيلم الذي تدور أحداثه داخل أحلام الناس؟", "response": "Inception" },
  { "question": "من هو الممثل الذي جسد شخصية 'وولفرين' لمدة 17 عاماً؟", "response": "هيو جاكمان" },
  { "question": "ما هو المسلسل الذي يعتبر الأكثر مشاهدة على منصة نتفليكس وتدور أحداثه حول ألعاب البقاء؟", "response": "لعبة الحبار (Squid Game)" },
  { "question": "ما اسم الفيلم الذي يتناول قصة حياة الرياضي 'محمد علي كلاي'؟", "response": "Ali" },
  { "question": "في سلسلة 'سيد الخواتم'، ما اسم الشخصية التي تكرر جملة 'My Precious'؟", "response": "جولوم" },
  { "question": "ما اسم المسلسل الذي يتحدث عن عائلة مافيا في برمنغهام بعد الحرب العالمية الأولى؟", "response": "Peaky Blinders" },
  { "question": "من هو مخرج فيلم 'العراب' (The Godfather)؟", "response": "فرانسيس فورد كوبولا" },
  { "question": "ما هو اسم الكوكب الذي يسكنه كائنات 'النافي' في فيلم 'أفاتار'؟", "response": "باندورا" },
  { "question": "ما هو الفيلم الذي يحمل لقب أعلى إيرادات في تاريخ السينما (بدون احتساب التضخم)؟", "response": "أفاتار" },
  { "question": "من هو الممثل الذي لعب دور 'فورست غامب'؟", "response": "توم هانكس" },
  { "question": "ما اسم المسلسل الذي تدور أحداثه في بلدة 'هوكينز' ويحتوي على 'العالم المقلوب'؟", "response": "Stranger Things" },
  { "question": "من هي الممثلة التي قامت بدور 'المرأة الخارقة' (Wonder Woman)؟", "response": "غال غادوت" },
  { "question": "ما اسم الفيلم الذي يتحدث عن قصة سفينة غرقت في عام 1912؟", "response": "تيتانيك" },
  { "question": "من هو الممثل الذي قام بدور 'سبايدرمان' في النسخة الأولى (2002)؟", "response": "توبي ماغواير" },
  { "question": "ما اسم المسلسل الذي يصور حياة الملكة إليزابيث الثانية؟", "response": "The Crown" },
  { "question": "في فيلم 'The Matrix'، ما هو لون الحبة التي يختارها نيو ليعرف الحقيقة؟", "response": "الحبة الحمراء" },
  { "question": "من هو المخرج المعروف بـ 'سيد التشويق' (Master of Suspense)؟", "response": "ألفريد هيتشكوك" },
  { "question": "ما هو اسم الأسد الملك في فيلم 'The Lion King' (والد سيمبا)؟", "response": "موفاسا" },
  { "question": "من هو الممثل الذي فاز بالأوسكار عن دوره في فيلم 'The Revenant'؟", "response": "ليوناردو دي كابريو" },
  { "question": "ما اسم المسلسل الذي يتحدث عن محامي يدعى 'سول غودمان'؟", "response": "Better Call Saul" },
  { "question": "من هو كاتب سلسلة روايات 'أغنية الجليد والنار' التي اقتبس منها صراع العروش؟", "response": "جورج آر آر مارتن" },
  { "question": "ما اسم الفيلم الذي يحكي قصة حياة 'ستيفن هوكينغ'؟", "response": "The Theory of Everything" },
  { "question": "في أي مدينة تدور أحداث مسلسل 'The Office' النسخة الأمريكية؟", "response": "سكرانتون" },
  { "question": "من هو الممثل الذي اشتهر بدور 'جيمس بوند' في أكبر عدد من الأفلام؟", "response": "روجر مور" },
  { "question": "ما اسم الفيلم الكوري الذي فاز بجائزة الأوسكار لأفضل فيلم عام 2020؟", "response": "طفيلي (Parasite)" },
  { "question": "من هي القطة التي تطارد الفأر جيري دائماً؟", "response": "توم" },
  { "question": "ما اسم المسلسل الذي تدور أحداثه حول عائلة 'رو' وصراعهم على شركة إعلامية؟", "response": "Succession" },
  { "question": "من هو المخرج الذي أخرج فيلم 'Pulp Fiction'؟", "response": "كويتن تارانتينو" },
  { "question": "ما اسم البطل الخارق الذي يلقب بـ 'فارس الظلام'؟", "response": "باتمان" },
  { "question": "في فيلم 'Home Alone'، أين تسافر عائلة كفين وتتركه وحيداً؟", "response": "باريس" },
  { "question": "من الممثل الذي لعب دور 'ثانوس' في أفلام مارفل؟", "response": "جوش برولين" },
  { "question": "ما اسم المسلسل الذي يحكي قصة كارثة نووية حقيقية وقعت عام 1986؟", "response": "Chernobyl" },
  { "question": "ما اسم الفيلم الموسيقي الذي فاز بـ 6 جوائز أوسكار من بطولة إيما ستون؟", "response": "La La Land" },
  { "question": "من هو بطل سلسلة أفلام 'جون ويك'؟", "response": "كيانو ريفز" },
  { "question": "ما اسم الغوريلا الضخمة التي تسلقت مبنى إمباير ستيت في السينما؟", "response": "كينغ كونغ" },
  { "question": "من هو الممثل الذي قدم صوت 'جيني' في علاء الدين 1992؟", "response": "روبن ويليامز" },
  { "question": "ما اسم المسلسل الذي يتحدث عن مجموعة ناجين من تحطم طائرة على جزيرة غامضة؟", "response": "Lost" },
  { "question": "من أخرج فيلم 'Schindler's List'؟", "response": "ستيفن سبيلبرغ" },
  { "question": "في فيلم 'Gladiator'، ما اسم الشخصية التي لعبها راسل كرو؟", "response": "ماكسيموس" },
  { "question": "ما اسم المسلسل الذي تدور أحداثه حول خبيرة شطرنج يتيمة؟", "response": "The Queen's Gambit" },
  { "question": "من هو الممثل الذي لعب دور 'كابتن أمريكا'؟", "response": "كريس إيفانز" },
  { "question": "ما اسم الفيلم الذي تدور أحداثه في سجن 'شاوشانك'؟", "response": "The Shawshank Redemption" },
  { "question": "من هي الممثلة التي لعبت دور 'ماليفيسنت'؟", "response": "أنجلينا جولي" },
  { "question": "ما اسم المسلسل الكوميدي الذي يتحدث عن مهندسين في كاليفورنيا؟", "response": "The Big Bang Theory" },
  { "question": "ما اسم الفيلم الذي يظهر فيه مهرج مرعب يدعى 'بيني وايز'؟", "response": "It" },
  { "question": "من الممثل الذي لعب دور 'تشارلي شابلن' في فيلم سيرته الذاتية؟", "response": "روبرت داوني جونيور" },
  { "question": "ما اسم أول فيلم في سلسلة 'عالم مارفل السينمائي'؟", "response": "Iron Man" },
  { "question": "من هو الممثل الذي لعب دور 'جاك' في فيلم تيتانيك؟", "response": "ليوناردو دي كابريو" }
]
